index,x_img,y_img
0,temp/cropped_cage/Bernie.jpg-1.jpg,temp/cropped_cage/CHRISTOPHER+PARKERNickaru.jpg-1.jpg
1,temp/cropped_cage/ALSTRAGGASNICKBAKERnic+cage+who_.jpg-1.jpg,temp/cropped_cage/DorothyVallens.jpg-0.jpg
2,temp/cropped_cage/DanielShealeyNCaTT.jpg-0.jpg,temp/cropped_cage/DAVIDSMITHcitizen+cage.jpg-0.jpg
3,temp/cropped_cage/Adrienne+Rule+-+molecule-adamantane.jpg-6.jpg,temp/cropped_cage/Junior.jpg-0.jpg
4,temp/cropped_cage/Adrienne+Rule+-+molecule-adamantane.jpg-10.jpg,temp/cropped_cage/MIKEMANNINGzordonBEGINNINGMIDDLEEND.jpg-0.jpg
5,temp/cropped_cage/Adrienne+Rule+-+molecule-adamantane.jpg-2.jpg,temp/cropped_cage/CJKnowlesnixon-and-cage.jpg-0.jpg
6,temp/cropped_cage/Adrienne+Rule+-+molecule-adamantane.jpg-8.jpg,temp/cropped_cage/JasonBaldariNick+Cage+as+Robert+E.+Lee.jpg-0.jpg
7,temp/cropped_cage/Adrienne+Rule+-+molecule-adamantane.jpg-1.jpg,temp/cropped_cage/ANAKA+NicPlato.jpg-0.jpg
8,temp/cropped_cage/Adrienne+Rule+-+molecule-adamantane.jpg-0.jpg,temp/cropped_cage/Olivier+Graham+Shark.jpg-0.jpg
9,temp/cropped_cage/Adrienne+Rule+-+molecule-adamantane.jpg-5.jpg,temp/cropped_cage/JohnMayer.jpg-0.jpg
10,temp/cropped_cage/Adrienne+Rule+-+molecule-adamantane.jpg-11.jpg,temp/cropped_cage/BabyJaneHudson.jpg-0.jpg
11,temp/cropped_cage/Adrienne+Rule+-+molecule-adamantane.jpg-4.jpg,temp/cropped_cage/JOHNDOLCEAMORENic+Cage+as+Edgar+Allan+Poe.jpg-0.jpg
12,temp/cropped_cage/Adrienne+Rule+-+molecule-adamantane.jpg-7.jpg,temp/cropped_cage/Anthony+Lamb+-+Nick+Cage+as+Salvador+Dali.jpg-0.jpg
13,temp/cropped_cage/AVATIZER4268258978_15abb01cc3.jpg-0.jpg,temp/cropped_cage/SCOTT+ALBAUGH+blackswan.jpg-0.jpg
14,temp/cropped_cage/NICHOLASTORRESCageBeingInterviewedByCageAsLetterman.jpg-0.jpg,temp/cropped_cage/CHRISTOPHER+PARKERNickaru.jpg-0.jpg
15,temp/cropped_cage/PAULCUMMINSNic+Cage+as+Austin+Powers.jpg-0.jpg,temp/cropped_cage/JACKSUNDRUDcage_dion.jpg-0.jpg
16,temp/cropped_cage/BRIANROOKERNicCage_as_TheA-Team.jpg-1.jpg,temp/cropped_cage/EmilyRodemann-billcosby.jpg-0.jpg
17,temp/cropped_cage/TEENALUBOMSKIolympic_iceskater_johnnyweir.jpg-0.jpg,temp/cropped_cage/JayElSCUMBAG+NICK+CAGE.jpg-0.jpg
18,temp/cropped_cage/ANTHONYGREENjesus_cage.jpg-0.jpg,temp/cropped_cage/MattMonaco.jpg-0.jpg
19,temp/cropped_cage/Seth.jpg-1.jpg,temp/cropped_cage/JOCHEN+FUCHS+nicolas_cage.jpg-0.jpg
20,temp/cropped_cage/EgonSpengler.jpg-0.jpg,temp/cropped_cage/JIMFRYKMANniccagecostas.jpg-0.jpg
21,temp/cropped_cage/TEENALUBOMSKIDoctor_Horrible_Banner.jpg-0.jpg,temp/cropped_cage/BRIANROOKERNicCage_as_SeanConnery.jpg-0.jpg
22,temp/cropped_cage/NICHOLASHOLLOMONtumblr_l1nczfNM2s1qbsvpfo1_500.jpg-0.jpg,temp/cropped_cage/Abe+Aguilar+Nic+Cage+as+Alice.jpg-0.jpg
23,temp/cropped_cage/TimothyBryce.jpg-2.jpg,temp/cropped_cage/MIKEMANNINGstaffsergeantwill_james.jpg-0.jpg
24,temp/cropped_cage/CORNELIUSLAMBSHANKfrankencage.jpg-0.jpg,temp/cropped_cage/PAULCUMMINSNic+Cage+as+Dr.+Evil.jpg-0.jpg
25,temp/cropped_cage/Chris+Dantona-The+Cagey+Bunch.jpg-2.jpg,temp/cropped_cage/JackTwist.jpg-1.jpg
26,temp/cropped_cage/Riddler.jpg-0.jpg,temp/cropped_cage/Sully.jpg-0.jpg
27,temp/cropped_cage/MIKEWIGGINSIgglePiggle_Cage.jpg-0.jpg,temp/cropped_cage/EMILY+ALLEY+ealley_niccage_geisha.jpg-0.jpg
28,temp/cropped_cage/TEENALUBOMSKIcage-corn.jpg-0.jpg,temp/cropped_cage/Michael+Blohm-Nic+Cage+as+Tina+Fey.jpg-0.jpg
29,temp/cropped_cage/DAVIDHANSENpicasso-guernica3-reduce.jpg-0.jpg,temp/cropped_cage/WILLCOTTONkobe2.jpg-0.jpg
30,temp/cropped_cage/Adrienne+Rule+-+molecule-adamantane.jpg-3.jpg,temp/cropped_cage/BRENT+O+nic+cage+as+Klaus+Nomi.jpg-0.jpg
31,temp/cropped_cage/PAULCUMMINSNic+Cage+as+The+Lone+Ranger+and+Tonto.jpg-0.jpg,temp/cropped_cage/GeorgeBailey.jpg-1.jpg
32,temp/cropped_cage/RonaldMcDonald.jpg-0.jpg,temp/cropped_cage/JACKSUDNRUDnic_mort.jpg-1.jpg
33,temp/cropped_cage/Whiplash.jpg-0.jpg,temp/cropped_cage/MaximillianCohen.jpg-0.jpg
34,temp/cropped_cage/BERNHARD+BINDER+he-cage.jpg-0.jpg,temp/cropped_cage/MichaelLink_Mohandas+Karamchand+Gandhi.jpg-0.jpg
35,temp/cropped_cage/CarrieBradshaw.jpg-0.jpg,temp/cropped_cage/Chaz+Klein+-+JayCutlerCage.jpg-0.jpg
36,temp/cropped_cage/MIKEWIGGINSRobHalford_Cage.jpg-0.jpg,temp/cropped_cage/ANDREWBROWNnicolai.jpg-0.jpg
37,temp/cropped_cage/DAVIDE+FELSHER+belushi+1941.jpg-0.jpg,temp/cropped_cage/JONAHMUELLERNicolasButton.jpg-0.jpg
38,temp/cropped_cage/DAVIDSMITHbarbara-bel-geddes-and-james-stewart-vertigo.jpg-0.jpg,temp/cropped_cage/ANTHONYGREENnic_dynamite.jpg-0.jpg
39,temp/cropped_cage/Frida+Karlsson-Jusin+Gatson.jpg-0.jpg,temp/cropped_cage/ShoelessJoeJackson.jpg-0.jpg
40,temp/cropped_cage/Adrienne+Rule+-+molecule-adamantane.jpg-14.jpg,temp/cropped_cage/Nicole+Mayhew+tebow+copy.jpg-0.jpg
41,temp/cropped_cage/RODIERKIDMANNcageRODIER-KIDCOM.jpg-0.jpg,temp/cropped_cage/DAVID+RESSLERNicLynch+copy.jpg-0.jpg
42,temp/cropped_cage/MICAHPICCIRILLIJonas_Cage.jpg-0.jpg,temp/cropped_cage/SteveJobs.jpg-0.jpg
43,temp/cropped_cage/GATRETHFISHERnic+cageYOKOJOHN.jpg-0.jpg,temp/cropped_cage/HenrySpencer.jpg-0.jpg
44,temp/cropped_cage/BALDINGCELEBRITIESCOMnic-cage-as-the-smiths.jpg-0.jpg,temp/cropped_cage/Jennifer.jpg-0.jpg
45,temp/cropped_cage/MATT+BOMAN+Rasputin.jpg-0.jpg,temp/cropped_cage/CATwonder.jpg-0.jpg
46,temp/cropped_cage/KatieMcGinnis_DrHeathcliffHuxtable.jpg-0.jpg,temp/cropped_cage/NEMEDYcagetom.jpg-0.jpg
47,temp/cropped_cage/DAVYBRAXTONnic+cage+as+general-george-s-patton+.jpg-0.jpg,temp/cropped_cage/NICKSCRIVENnic+cage+as+the-universe.jpg-0.jpg
48,temp/cropped_cage/MitchBuchanan.jpg-1.jpg,temp/cropped_cage/PAULCUMMINSNic+Cage+as+Tootsie.jpg-0.jpg
49,temp/cropped_cage/GATRETHFISHERnic+cageYOKOJOHN.jpg-1.jpg,temp/cropped_cage/JohnMcCoolNick.jpg-0.jpg
50,temp/cropped_cage/Chris+Dantona-The+Cagey+Bunch.jpg-3.jpg,temp/cropped_cage/SALLYGLASSnic-pain.jpg-0.jpg
51,temp/cropped_cage/Adrienne+Rule+-+molecule-adamantane.jpg-12.jpg,temp/cropped_cage/DYLANREEVENeelix-Cage.jpg-0.jpg
52,temp/cropped_cage/NICKMILLIGANNicolas+Cage+Mime.jpg-0.jpg,temp/cropped_cage/DYLANREEVEMal-Cage.jpg-0.jpg
53,temp/cropped_cage/CATbarbara-batgirl-cage.jpg-1.jpg,temp/cropped_cage/JACKSUNDRUDcage-woz.jpg-0.jpg
54,temp/cropped_cage/GriffTannen.jpg-0.jpg,temp/cropped_cage/NicCageasprincessLeilaFamRosetton.jpg-0.jpg
55,temp/cropped_cage/CIRQUECUByoung_einstein.jpg-0.jpg,temp/cropped_cage/DYLANREEVEBill-OCagey.jpg-0.jpg
56,temp/cropped_cage/JimCramer.jpg-0.jpg,temp/cropped_cage/TREVORBETTSriverscagejpg3.jpg-0.jpg
57,temp/cropped_cage/DILLONCHANCESarahJessicaCage.jpg-0.jpg,temp/cropped_cage/DAVIDKELLYdanza.jpg-0.jpg
58,temp/cropped_cage/Tatsu.jpg-0.jpg,temp/cropped_cage/TonyBennett.jpg-0.jpg
59,temp/cropped_cage/PAULCUMMINSNic+Cage+as+a+Klingon.jpg-0.jpg,temp/cropped_cage/DAVIDSMITHsitting-bull.jpg-0.jpg
60,temp/cropped_cage/Willie.jpg-0.jpg,temp/cropped_cage/CJKnowlesnixon-and-cage.jpg-1.jpg
61,temp/cropped_cage/TEENALUBOMSKIturbo-ozone-breakin.jpg-0.jpg,temp/cropped_cage/Spock.jpg-0.jpg
62,temp/cropped_cage/SamwiseGamgee.jpg-0.jpg,temp/cropped_cage/TEENALUBOMSKIcleo.jpg-0.jpg
63,temp/cropped_cage/NICKSMITHniccagetas.jpg-0.jpg,temp/cropped_cage/KINGMONKEYNicCageasBarneyFife.jpg-0.jpg
64,temp/cropped_cage/CATNewmar+Catwoman.jpg-0.jpg,temp/cropped_cage/CHUCKNUNCHUCKnic_as_gilly.jpg-0.jpg
65,temp/cropped_cage/ConanTheBarbarian.jpg-0.jpg,temp/cropped_cage/CHRISALBRIGHTarnoldjudasrimmer.jpg-0.jpg
66,temp/cropped_cage/MONTYSPEARMINTturtlescage.jpg-0.jpg,temp/cropped_cage/ERIKO'CONNORnikkicage.jpg-0.jpg
67,temp/cropped_cage/KrisKringle.jpg-0.jpg,temp/cropped_cage/LIZnicasjustin.jpg-0.jpg
68,temp/cropped_cage/BRIANROOKERNicCage_as_TheA-Team.jpg-2.jpg,temp/cropped_cage/MIKEBOLGER17xr88.jpg-0.jpg
69,temp/cropped_cage/TEENALUBOMSKIscorpioncage.jpg-0.jpg,temp/cropped_cage/AL+STRAGGASnic+beiber.jpg-0.jpg
70,temp/cropped_cage/ANNA+CONVERSE+NC+Oil+Spill.jpg-0.jpg,temp/cropped_cage/TYnic+cage+Joseph+Ducreux.jpg-0.jpg
71,temp/cropped_cage/JIMFRYKMANElCagerino.jpg-0.jpg,temp/cropped_cage/JEFFDIXONSergeant+Joseph+Getraer.jpg-1.jpg
72,temp/cropped_cage/MICHAELLINKworstbandever.jpg-2.jpg,temp/cropped_cage/GIANLUCATORELLINicCageAsLapoElkann.jpg-1.jpg
73,temp/cropped_cage/Adrienne+Rule+-+molecule-adamantane.jpg-9.jpg,temp/cropped_cage/DYLANREEVENic-Gates.jpg-0.jpg
74,temp/cropped_cage/Russ+Ault_+Kevin+Shields+Cage.jpg-0.jpg,temp/cropped_cage/Nic+Cage+as+Liza+Minelli+in+SATC2.jpg-0.jpg
75,temp/cropped_cage/BENEAGLESniccage-frankiemacdonald.jpg-0.jpg,temp/cropped_cage/PAULCUMMINSNic+Cage+as+Michelle+Bombshell+McGee.jpg-0.jpg
76,temp/cropped_cage/MICAHPICCIRILLIJonas_Cage.jpg-2.jpg,temp/cropped_cage/CHRISLOVENIC+CAGE+AS+MNWLKR.jpg-0.jpg
77,temp/cropped_cage/BRIANROOKERNicCage_as_TheA-Team.jpg-0.jpg,temp/cropped_cage/Daniel+McCabe+Tali'Zorah+Nar+Rayya+nic+cage.jpg-0.jpg
78,temp/cropped_cage/MichaelLink_MarilynManson.jpg-0.jpg,temp/cropped_cage/BENEAGLESniccageaskevinsmith.jpg-0.jpg
79,temp/cropped_cage/DAVYBRAXTONnic+cage+as+inigo-montoya+copy.jpg-0.jpg,temp/cropped_cage/JOHNDOLCEAMORENic+Cage+as+Frank+Zappa+as+Sheik+Yerbouti.jpg-0.jpg
80,temp/cropped_cage/CastorSean.jpg-1.jpg,temp/cropped_cage/Gandhi.jpg-0.jpg
81,temp/cropped_cage/MIKEMANNINGtomBEGINNINGMIDDLEEND.jpg-0.jpg,temp/cropped_cage/LIZnicastyra.jpg-0.jpg
82,temp/cropped_cage/IndianaJones.jpg-0.jpg,temp/cropped_cage/JackSundrud_MickeyMantle.jpg-0.jpg
83,temp/cropped_cage/JOHNDOLCEAMORENic+Cage+as+Apolo+Ohno.jpg-0.jpg,temp/cropped_cage/JustinRampagechickennicnugget.jpg-0.jpg
84,temp/cropped_cage/GIANLUCATORELLINicCageAsNoelGallagher.jpg-0.jpg,temp/cropped_cage/ERIN+WONG+nic_cage_as_carlton_banks.jpg-0.jpg
85,temp/cropped_cage/Eli.jpg-0.jpg,temp/cropped_cage/JIMFRYKMANNicChavez.jpg-0.jpg
86,temp/cropped_cage/Nic+Cage+in+Killers.jpg-0.jpg,temp/cropped_cage/RashidAlKamraikhiNCasLMS.jpg-0.jpg
87,temp/cropped_cage/PAULCUMMINSNic+Cage+as+Edwina+and+Junior+McDunnough.jpg-0.jpg,temp/cropped_cage/Memphis_RickAstley.jpg-0.jpg
88,temp/cropped_cage/JohnRambo.jpg-0.jpg,temp/cropped_cage/LIZcagebrothers.jpg-2.jpg
89,temp/cropped_cage/Chris+Dantona-The+Cagey+Bunch.jpg-7.jpg,temp/cropped_cage/BRIANROOKERNicCage_as_WaltDisney.jpg-0.jpg
90,temp/cropped_cage/Nic+Cage+as+Steve+Irwin.jpg-0.jpg,temp/cropped_cage/Anthony+Frith+-+wiggles.jpg-0.jpg
91,temp/cropped_cage/DAVYBRAXTONnic+cage+as+my+buddy.jpg-0.jpg,temp/cropped_cage/JACKSUNDRUDcage_as_welk.jpg-0.jpg
92,temp/cropped_cage/ANNA+WILLOUGHBY_niccageasblade.jpg-0.jpg,temp/cropped_cage/CU-LOSERnic+cage+trololo+EDWARD+ANATOLEVICH+HILL.jpg-0.jpg
93,temp/cropped_cage/BRIANROOKERNicCage_as_BadBoys.jpg-0.jpg,temp/cropped_cage/BERTRAMSTERLINGCageWaters.jpg-0.jpg
94,temp/cropped_cage/MICHAELLINKworstbandever.jpg-3.jpg,temp/cropped_cage/Monk.jpg-0.jpg
95,temp/cropped_cage/BRIANROOKERNicCage_as_AliceKimCage.jpg-1.jpg,temp/cropped_cage/LEESMITHrobyncannon-cage.jpg-0.jpg
96,temp/cropped_cage/BALDINGCELEBRITIESCOMnic-cage-as-the-smiths.jpg-1.jpg,temp/cropped_cage/JakeSully.jpg-0.jpg
97,temp/cropped_cage/Seth.jpg-0.jpg,temp/cropped_cage/MICHAELSCOFIELDpbcageChuckNunchuck.jpg-0.jpg
98,temp/cropped_cage/COLLIN+KRITZ+corky.jpg-0.jpg,temp/cropped_cage/ElMariachi.jpg-1.jpg
99,temp/cropped_cage/JohnnyGray.jpg-0.jpg,temp/cropped_cage/MEMPHIShoratio.jpg-0.jpg
100,temp/cropped_cage/BRIANROOKERNicCage_as_AlexTrebek.jpg-0.jpg,temp/cropped_cage/ChristianBack-hungergames-katnissEverdeen.jpg-0.jpg
101,temp/cropped_cage/LIZcagebrothers.jpg-0.jpg,temp/cropped_cage/MIKEBOLGER29eqfyb.jpg-0.jpg
102,temp/cropped_cage/MrsWeiss.jpg-0.jpg,temp/cropped_cage/Chris-Shen-cage-michael-jackson-590x350.jpg-0.jpg
103,temp/cropped_cage/Adrienne+Rule+-+molecule-adamantane.jpg-13.jpg,temp/cropped_cage/FROSTNic+Cage+as+Leia.jpg-0.jpg
104,temp/cropped_cage/TheCrow.jpg-0.jpg,temp/cropped_cage/Marv.jpg-0.jpg
105,temp/cropped_cage/CHINESETAKEOUTAlfred+E+Cage.jpg-0.jpg,temp/cropped_cage/Chris+Dantona-The+Cagey+Bunch.jpg-1.jpg
106,temp/cropped_cage/BRIANROOKERNicCage_as_OompaLoompa.jpg-0.jpg,temp/cropped_cage/JOHAN+ABAD+nickcageXVI.jpg-0.jpg
107,temp/cropped_cage/BRIANROOKERNicCage_as_AliceKimCage.jpg-0.jpg,temp/cropped_cage/DillonChance_Arthas.jpg-0.jpg
108,temp/cropped_cage/BlissCavendar.jpg-0.jpg,temp/cropped_cage/NICAGEASMUMMYericR.jpg-0.jpg
109,temp/cropped_cage/CATbarbara-batgirl-cage.jpg-0.jpg,temp/cropped_cage/Vigo2.jpg-0.jpg
110,temp/cropped_cage/TEENALUBOMSKIturbo-ozone-breakin.jpg-1.jpg,temp/cropped_cage/Chucky.jpg-0.jpg
111,temp/cropped_cage/Esther.jpg-0.jpg,temp/cropped_cage/MIKEBOLGERso7m2c.jpg-0.jpg
112,temp/cropped_cage/DION_YATES_demi_moore.jpg-0.jpg,temp/cropped_cage/MIKE+J+HADFIELDbadlieutenant.jpg-0.jpg
113,temp/cropped_cage/MICHAELLINKworstbandever.jpg-0.jpg,temp/cropped_cage/KarlChilders.jpg-0.jpg
114,temp/cropped_cage/BALDINGCELEBRITIESCOMnic-cage-as-the-smiths.jpg-2.jpg,temp/cropped_cage/PAULCUMMINSNic+Cage+as+The+Burger+King.jpg-0.jpg
115,temp/cropped_cage/MichaeleSalahi.jpg-0.jpg,temp/cropped_cage/DYLANREEVECaptain-HammerCage.jpg-0.jpg
116,temp/cropped_cage/CHINESETAKEOUTNic+as+Gordon+Freeman.jpg-0.jpg,temp/cropped_cage/Daniel-San.jpg-0.jpg
117,temp/cropped_cage/ALSTRAGGASnic+and+dunham.jpg-1.jpg,temp/cropped_cage/BorisYellnikoff.jpg-1.jpg
118,temp/cropped_cage/BERNHARD+BINDER+nic-cage-is-hulk-hogan.jpg-0.jpg,temp/cropped_cage/ESTEBANORTIZJohn+Madden.jpg-0.jpg
119,temp/cropped_cage/NICHOLASTORRESCageBeingInterviewedByCageAsLetterman.jpg-1.jpg,temp/cropped_cage/HowardLangston.jpg-0.jpg
120,temp/cropped_cage/JAMALBAKLAVAnic-carradine.jpg-0.jpg,temp/cropped_cage/CharlesArmstrong-Cagebook.jpg-0.jpg
121,temp/cropped_cage/Bernie.jpg-2.jpg,temp/cropped_cage/JEFFKORMOSBasket+Cage.jpg-0.jpg
122,temp/cropped_cage/Chris+Cervellera+Nolte.jpg-0.jpg,temp/cropped_cage/PAULCUMMINSNic+Cage+as+Snookie.jpg-0.jpg
123,temp/cropped_cage/Adrienne+Rule+-+molecule-adamantane.jpg-15.jpg,temp/cropped_cage/BRYANCARRbiggiecage.jpg-0.jpg
124,temp/cropped_cage/MIKEBOLGER6qitc1.jpg-0.jpg,temp/cropped_cage/TomEngelsnicolas+thing.jpg-0.jpg
125,temp/cropped_cage/Russ+Ault_+Kevin+Shields+Cage.jpg-1.jpg,temp/cropped_cage/ConanOBrien.jpg-0.jpg
126,temp/cropped_cage/Chris+Pietrantonio+Bunny.jpg-0.jpg,temp/cropped_cage/CHINESETAKEOUTnictut.jpg-0.jpg
127,temp/cropped_cage/Bernie.jpg-0.jpg,temp/cropped_cage/ThePunisher.jpg-0.jpg
128,temp/cropped_cage/ANAKANicMorrigan.jpg-0.jpg,temp/cropped_cage/Anthony+Frith+-+wiggles.jpg-2.jpg
129,temp/cropped_cage/PAULCUMMINSNic+Cage+as+Khan.jpg-0.jpg,temp/cropped_cage/BurgerKing.jpg-0.jpg
130,temp/cropped_cage/JEFFFANGNicCage_Kool-Aid.jpg-0.jpg,temp/cropped_cage/WolfBlitzer.jpg-1.jpg
131,temp/cropped_cage/ANNADRACONIDAjeffreeSTARcage.jpg-0.jpg,temp/cropped_cage/ETNicasSusanBoyle.jpg-0.jpg
132,temp/cropped_cage/JIMFRYKMANCageJongIl.jpg-0.jpg,temp/cropped_cage/DustyBottoms.jpg-0.jpg
133,temp/cropped_cage/SCOTT+CORNISH+Antoine+Cage.jpg-0.jpg,temp/cropped_cage/Maverick.jpg-0.jpg
134,temp/cropped_cage/J.DATSNICCAGELETTERSANDKEYSBLOGSPOT.jpg-0.jpg,temp/cropped_cage/KATIEMCGINNISNicCageAsTaylorSwift.jpg-0.jpg
135,temp/cropped_cage/BlissCavendar.jpg-1.jpg,temp/cropped_cage/Wolverine.jpg-0.jpg
136,temp/cropped_cage/JOHNDOLCEAMORENic+Cage+as+Salieri.jpg-0.jpg,temp/cropped_cage/DILLONCHANCENic-Cage-as-dr-jack-shepherd.jpg-0.jpg
137,temp/cropped_cage/CastorSean.jpg-0.jpg,temp/cropped_cage/Chris+Dantona-The+Cagey+Bunch.jpg-4.jpg
138,temp/cropped_cage/GoodGuy_NicNICK.jpg-0.jpg,temp/cropped_cage/TomHansen.jpg-0.jpg
139,temp/cropped_cage/Chris+Dantona-The+Cagey+Bunch.jpg-0.jpg,temp/cropped_cage/DUBCarnold+nic+cage5.jpg-0.jpg
140,temp/cropped_cage/DYLANREEVENic-Jobs-iPad.jpg-0.jpg,temp/cropped_cage/BRIANROOKERNicCage_as_TheA-Team.jpg-3.jpg
141,temp/cropped_cage/GIANLUCATORELLINicCageAsLapoElkann.jpg-2.jpg,temp/cropped_cage/PAULCUMMINSNic+Cage+as+Rodney+Dangerfield.jpg-0.jpg
142,temp/cropped_cage/AlanGarner.jpg-2.jpg,temp/cropped_cage/PAULCUMMINSNic+Cage+as+Rodney+Dangerfield.jpg-1.jpg
143,temp/cropped_cage/TonyStark.jpg-0.jpg,temp/cropped_cage/SONIC+BOOOM+nicAsOsama.jpg-0.jpg
144,temp/cropped_cage/Zed.jpg-0.jpg,temp/cropped_cage/RockyBalboa.jpg-0.jpg
145,temp/cropped_cage/TomHansen.jpg-1.jpg,temp/cropped_cage/MIKEBOLGER29eqfyb.jpg-1.jpg
146,temp/cropped_cage/TEENALUBOMSKIhotrod.jpg-0.jpg,temp/cropped_cage/PAULCUMMINSNic+Cage+as+the+Shamwow+guy.jpg-0.jpg
147,temp/cropped_cage/EgonSpengler.jpg-1.jpg,temp/cropped_cage/JamesBond.jpg-0.jpg
148,temp/cropped_cage/AlanGarner.jpg-0.jpg,temp/cropped_cage/Anthony+Frith+-+wiggles.jpg-3.jpg
149,temp/cropped_cage/ELJOSEmaccage.jpg-0.jpg,temp/cropped_cage/EgonSpengler.jpg-2.jpg
150,temp/cropped_cage/JACKSUNDRUDcage_kingsley_ghandi.jpg-0.jpg,temp/cropped_cage/JACOBARRERASProkosch+Cage.jpg-0.jpg
151,temp/cropped_cage/JamesTKirk.jpg-0.jpg,temp/cropped_cage/LIZcagebrothers.jpg-1.jpg
152,temp/cropped_cage/KennyFisher.jpg-0.jpg,temp/cropped_cage/WILLCOTTONkobe2.jpg-1.jpg
153,temp/cropped_cage/TEENALUBOMSKIcaptain+lou+albano.jpg-0.jpg,temp/cropped_cage/BarryBBenson.jpg-0.jpg
154,temp/cropped_cage/Vigo.jpg-0.jpg,temp/cropped_cage/CatSmithCrazyCatLady.jpg-0.jpg
155,temp/cropped_cage/Anthony+Frith+-+wiggles.jpg-1.jpg,temp/cropped_cage/ColonelSanders.jpg-0.jpg
156,temp/cropped_cage/JOELSANCHEZNicCageJemima.jpg-0.jpg,temp/cropped_cage/KATE+FRIZZELL+dr.+nic+horrible.jpg-0.jpg
157,temp/cropped_cage/Mary.jpg-0.jpg,temp/cropped_cage/MarkReynolds_ThinMintsGirl.jpg-0.jpg
158,temp/cropped_cage/Chris+Dantona-The+Cagey+Bunch.jpg-6.jpg,temp/cropped_cage/TEENALUBOMSKIcaptain+lou+albano.jpg-0.jpg
159,temp/cropped_cage/Dominic+Suazo-cagenamstyle.jpg-0.jpg,temp/cropped_cage/KennyFisher.jpg-0.jpg
160,temp/cropped_cage/CHINESETAKEOUTNicolas+Austin.jpg-0.jpg,temp/cropped_cage/JamesTKirk.jpg-0.jpg
161,temp/cropped_cage/CU-Loserniccageas+patrick.jpg-0.jpg,temp/cropped_cage/JACKSUNDRUDcage_kingsley_ghandi.jpg-0.jpg
162,temp/cropped_cage/TOM+AND+JAKE+Captain_Cage.jpg-0.jpg,temp/cropped_cage/ELJOSEmaccage.jpg-0.jpg
163,temp/cropped_cage/ElMariachi.jpg-0.jpg,temp/cropped_cage/JackSparrow.jpg-0.jpg
164,temp/cropped_cage/ALSTRAGGASNICKBAKERnic+cage+who_.jpg-0.jpg,temp/cropped_cage/PAUL+Nic+Cage+as+Ravi+Shankar.jpg-0.jpg
165,temp/cropped_cage/MICHAELLINKworstbandever.jpg-1.jpg,temp/cropped_cage/TEENALUBOMSKInorweigianpants.jpg-0.jpg
166,temp/cropped_cage/Borat.jpg-0.jpg,temp/cropped_cage/Jer+LabronCage.jpg-0.jpg
167,temp/cropped_cage/HarveyMilk.jpg-0.jpg,temp/cropped_cage/VINCEWNic+Cage+Gun+Guy+JPEG.jpg-0.jpg
168,temp/cropped_cage/MICAHPICCIRILLIJonas_Cage.jpg-1.jpg,temp/cropped_cage/BENEAGLESniccageasthesbtb-gang.jpg-1.jpg
169,temp/cropped_cage/TEENALUBOMSKIhotrod.jpg-1.jpg,temp/cropped_cage/BENEAGLESniccageasthesbtb-gang.jpg-0.jpg
170,temp/cropped_cage/JackSparrow.jpg-0.jpg,temp/cropped_cage/VinnyGambini.jpg-0.jpg
171,temp/cropped_cage/PAUL+Nic+Cage+as+Ravi+Shankar.jpg-0.jpg,temp/cropped_cage/CHINESETAKEOUTGIcage.jpg-0.jpg
172,temp/cropped_cage/TEENALUBOMSKInorweigianpants.jpg-0.jpg,temp/cropped_cage/Chris+Dantona-The+Cagey+Bunch.jpg-5.jpg
173,temp/cropped_cage/Jer+LabronCage.jpg-0.jpg,temp/cropped_cage/Vigo.jpg-0.jpg
174,temp/cropped_cage/VINCEWNic+Cage+Gun+Guy+JPEG.jpg-0.jpg,temp/cropped_cage/Anthony+Frith+-+wiggles.jpg-1.jpg
175,temp/cropped_cage/BENEAGLESniccageasthesbtb-gang.jpg-1.jpg,temp/cropped_cage/JOELSANCHEZNicCageJemima.jpg-0.jpg
176,temp/cropped_cage/BENEAGLESniccageasthesbtb-gang.jpg-0.jpg,temp/cropped_cage/Mary.jpg-0.jpg
177,temp/cropped_cage/VinnyGambini.jpg-0.jpg,temp/cropped_cage/Chris+Dantona-The+Cagey+Bunch.jpg-6.jpg
178,temp/cropped_cage/CHINESETAKEOUTGIcage.jpg-0.jpg,temp/cropped_cage/Dominic+Suazo-cagenamstyle.jpg-0.jpg
179,temp/cropped_cage/Chris+Dantona-The+Cagey+Bunch.jpg-5.jpg,temp/cropped_cage/CHINESETAKEOUTNicolas+Austin.jpg-0.jpg
180,temp/cropped_cage/MarkReynolds_ThinMintsGirl.jpg-0.jpg,temp/cropped_cage/CU-Loserniccageas+patrick.jpg-0.jpg
181,temp/cropped_cage/KATE+FRIZZELL+dr.+nic+horrible.jpg-0.jpg,temp/cropped_cage/TOM+AND+JAKE+Captain_Cage.jpg-0.jpg
182,temp/cropped_cage/ColonelSanders.jpg-0.jpg,temp/cropped_cage/ElMariachi.jpg-0.jpg
183,temp/cropped_cage/CatSmithCrazyCatLady.jpg-0.jpg,temp/cropped_cage/ALSTRAGGASNICKBAKERnic+cage+who_.jpg-0.jpg
184,temp/cropped_cage/BarryBBenson.jpg-0.jpg,temp/cropped_cage/MICHAELLINKworstbandever.jpg-1.jpg
185,temp/cropped_cage/WILLCOTTONkobe2.jpg-1.jpg,temp/cropped_cage/Borat.jpg-0.jpg
186,temp/cropped_cage/LIZcagebrothers.jpg-1.jpg,temp/cropped_cage/HarveyMilk.jpg-0.jpg
187,temp/cropped_cage/JACOBARRERASProkosch+Cage.jpg-0.jpg,temp/cropped_cage/MICAHPICCIRILLIJonas_Cage.jpg-1.jpg
188,temp/cropped_cage/EgonSpengler.jpg-2.jpg,temp/cropped_cage/BlissCavendar.jpg-1.jpg
189,temp/cropped_cage/Anthony+Frith+-+wiggles.jpg-3.jpg,temp/cropped_cage/JOHNDOLCEAMORENic+Cage+as+Salieri.jpg-0.jpg
190,temp/cropped_cage/JamesBond.jpg-0.jpg,temp/cropped_cage/CastorSean.jpg-0.jpg
191,temp/cropped_cage/CHINESETAKEOUTnictut.jpg-0.jpg,temp/cropped_cage/GoodGuy_NicNICK.jpg-0.jpg
192,temp/cropped_cage/ThePunisher.jpg-0.jpg,temp/cropped_cage/Chris+Dantona-The+Cagey+Bunch.jpg-0.jpg
193,temp/cropped_cage/PAULCUMMINSNic+Cage+as+Rodney+Dangerfield.jpg-1.jpg,temp/cropped_cage/DYLANREEVENic-Jobs-iPad.jpg-0.jpg
194,temp/cropped_cage/PAULCUMMINSNic+Cage+as+Rodney+Dangerfield.jpg-0.jpg,temp/cropped_cage/GIANLUCATORELLINicCageAsLapoElkann.jpg-2.jpg
195,temp/cropped_cage/BRIANROOKERNicCage_as_TheA-Team.jpg-3.jpg,temp/cropped_cage/AlanGarner.jpg-2.jpg
196,temp/cropped_cage/DUBCarnold+nic+cage5.jpg-0.jpg,temp/cropped_cage/TonyStark.jpg-0.jpg
197,temp/cropped_cage/TomHansen.jpg-0.jpg,temp/cropped_cage/Zed.jpg-0.jpg
198,temp/cropped_cage/Chris+Dantona-The+Cagey+Bunch.jpg-4.jpg,temp/cropped_cage/TomHansen.jpg-1.jpg
199,temp/cropped_cage/DILLONCHANCENic-Cage-as-dr-jack-shepherd.jpg-0.jpg,temp/cropped_cage/TEENALUBOMSKIhotrod.jpg-0.jpg
200,temp/cropped_cage/Wolverine.jpg-0.jpg,temp/cropped_cage/EgonSpengler.jpg-1.jpg
201,temp/cropped_cage/KATIEMCGINNISNicCageAsTaylorSwift.jpg-0.jpg,temp/cropped_cage/AlanGarner.jpg-0.jpg
202,temp/cropped_cage/Maverick.jpg-0.jpg,temp/cropped_cage/TEENALUBOMSKIhotrod.jpg-1.jpg
203,temp/cropped_cage/DustyBottoms.jpg-0.jpg,temp/cropped_cage/J.DATSNICCAGELETTERSANDKEYSBLOGSPOT.jpg-0.jpg
204,temp/cropped_cage/ETNicasSusanBoyle.jpg-0.jpg,temp/cropped_cage/SCOTT+CORNISH+Antoine+Cage.jpg-0.jpg
205,temp/cropped_cage/WolfBlitzer.jpg-1.jpg,temp/cropped_cage/JIMFRYKMANCageJongIl.jpg-0.jpg
206,temp/cropped_cage/BurgerKing.jpg-0.jpg,temp/cropped_cage/ANNADRACONIDAjeffreeSTARcage.jpg-0.jpg
207,temp/cropped_cage/Anthony+Frith+-+wiggles.jpg-2.jpg,temp/cropped_cage/JEFFFANGNicCage_Kool-Aid.jpg-0.jpg
208,temp/cropped_cage/SONIC+BOOOM+nicAsOsama.jpg-0.jpg,temp/cropped_cage/PAULCUMMINSNic+Cage+as+Khan.jpg-0.jpg
209,temp/cropped_cage/RockyBalboa.jpg-0.jpg,temp/cropped_cage/ANAKANicMorrigan.jpg-0.jpg
210,temp/cropped_cage/MIKEBOLGER29eqfyb.jpg-1.jpg,temp/cropped_cage/BRIANROOKERNicCage_as_AliceKimCage.jpg-0.jpg
211,temp/cropped_cage/PAULCUMMINSNic+Cage+as+the+Shamwow+guy.jpg-0.jpg,temp/cropped_cage/BlissCavendar.jpg-0.jpg
212,temp/cropped_cage/ConanOBrien.jpg-0.jpg,temp/cropped_cage/CATbarbara-batgirl-cage.jpg-0.jpg
213,temp/cropped_cage/TomEngelsnicolas+thing.jpg-0.jpg,temp/cropped_cage/TEENALUBOMSKIturbo-ozone-breakin.jpg-1.jpg
214,temp/cropped_cage/BRYANCARRbiggiecage.jpg-0.jpg,temp/cropped_cage/Esther.jpg-0.jpg
215,temp/cropped_cage/PAULCUMMINSNic+Cage+as+Snookie.jpg-0.jpg,temp/cropped_cage/DION_YATES_demi_moore.jpg-0.jpg
216,temp/cropped_cage/JEFFKORMOSBasket+Cage.jpg-0.jpg,temp/cropped_cage/MICHAELLINKworstbandever.jpg-0.jpg
217,temp/cropped_cage/CharlesArmstrong-Cagebook.jpg-0.jpg,temp/cropped_cage/BALDINGCELEBRITIESCOMnic-cage-as-the-smiths.jpg-2.jpg
218,temp/cropped_cage/HowardLangston.jpg-0.jpg,temp/cropped_cage/CHINESETAKEOUTAlfred+E+Cage.jpg-0.jpg
219,temp/cropped_cage/ESTEBANORTIZJohn+Madden.jpg-0.jpg,temp/cropped_cage/BRIANROOKERNicCage_as_OompaLoompa.jpg-0.jpg
220,temp/cropped_cage/BorisYellnikoff.jpg-1.jpg,temp/cropped_cage/Bernie.jpg-0.jpg
221,temp/cropped_cage/Daniel-San.jpg-0.jpg,temp/cropped_cage/Chris+Pietrantonio+Bunny.jpg-0.jpg
222,temp/cropped_cage/DYLANREEVECaptain-HammerCage.jpg-0.jpg,temp/cropped_cage/Russ+Ault_+Kevin+Shields+Cage.jpg-1.jpg
223,temp/cropped_cage/PAULCUMMINSNic+Cage+as+The+Burger+King.jpg-0.jpg,temp/cropped_cage/MIKEBOLGER6qitc1.jpg-0.jpg
224,temp/cropped_cage/KarlChilders.jpg-0.jpg,temp/cropped_cage/Adrienne+Rule+-+molecule-adamantane.jpg-15.jpg
225,temp/cropped_cage/ElMariachi.jpg-1.jpg,temp/cropped_cage/Chris+Cervellera+Nolte.jpg-0.jpg
226,temp/cropped_cage/MEMPHIShoratio.jpg-0.jpg,temp/cropped_cage/Bernie.jpg-2.jpg
227,temp/cropped_cage/ChristianBack-hungergames-katnissEverdeen.jpg-0.jpg,temp/cropped_cage/JAMALBAKLAVAnic-carradine.jpg-0.jpg
228,temp/cropped_cage/MIKEBOLGER29eqfyb.jpg-0.jpg,temp/cropped_cage/NICHOLASTORRESCageBeingInterviewedByCageAsLetterman.jpg-1.jpg
229,temp/cropped_cage/Chris-Shen-cage-michael-jackson-590x350.jpg-0.jpg,temp/cropped_cage/BERNHARD+BINDER+nic-cage-is-hulk-hogan.jpg-0.jpg
230,temp/cropped_cage/FROSTNic+Cage+as+Leia.jpg-0.jpg,temp/cropped_cage/ALSTRAGGASnic+and+dunham.jpg-1.jpg
231,temp/cropped_cage/Marv.jpg-0.jpg,temp/cropped_cage/CHINESETAKEOUTNic+as+Gordon+Freeman.jpg-0.jpg
232,temp/cropped_cage/Chris+Dantona-The+Cagey+Bunch.jpg-1.jpg,temp/cropped_cage/MichaeleSalahi.jpg-0.jpg
233,temp/cropped_cage/ERIN+WONG+nic_cage_as_carlton_banks.jpg-0.jpg,temp/cropped_cage/TheCrow.jpg-0.jpg
234,temp/cropped_cage/JIMFRYKMANNicChavez.jpg-0.jpg,temp/cropped_cage/Adrienne+Rule+-+molecule-adamantane.jpg-13.jpg
235,temp/cropped_cage/RashidAlKamraikhiNCasLMS.jpg-0.jpg,temp/cropped_cage/MrsWeiss.jpg-0.jpg
236,temp/cropped_cage/Memphis_RickAstley.jpg-0.jpg,temp/cropped_cage/LIZcagebrothers.jpg-0.jpg
237,temp/cropped_cage/LIZcagebrothers.jpg-2.jpg,temp/cropped_cage/BRIANROOKERNicCage_as_AlexTrebek.jpg-0.jpg
238,temp/cropped_cage/BRIANROOKERNicCage_as_WaltDisney.jpg-0.jpg,temp/cropped_cage/JohnnyGray.jpg-0.jpg
239,temp/cropped_cage/Anthony+Frith+-+wiggles.jpg-0.jpg,temp/cropped_cage/COLLIN+KRITZ+corky.jpg-0.jpg
240,temp/cropped_cage/JACKSUNDRUDcage_as_welk.jpg-0.jpg,temp/cropped_cage/Seth.jpg-0.jpg
241,temp/cropped_cage/CU-LOSERnic+cage+trololo+EDWARD+ANATOLEVICH+HILL.jpg-0.jpg,temp/cropped_cage/BALDINGCELEBRITIESCOMnic-cage-as-the-smiths.jpg-1.jpg
242,temp/cropped_cage/BERTRAMSTERLINGCageWaters.jpg-0.jpg,temp/cropped_cage/BRIANROOKERNicCage_as_AliceKimCage.jpg-1.jpg
243,temp/cropped_cage/Monk.jpg-0.jpg,temp/cropped_cage/MICHAELLINKworstbandever.jpg-3.jpg
244,temp/cropped_cage/LEESMITHrobyncannon-cage.jpg-0.jpg,temp/cropped_cage/BRIANROOKERNicCage_as_BadBoys.jpg-0.jpg
245,temp/cropped_cage/JakeSully.jpg-0.jpg,temp/cropped_cage/ANNA+WILLOUGHBY_niccageasblade.jpg-0.jpg
246,temp/cropped_cage/MICHAELSCOFIELDpbcageChuckNunchuck.jpg-0.jpg,temp/cropped_cage/DAVYBRAXTONnic+cage+as+my+buddy.jpg-0.jpg
247,temp/cropped_cage/MIKE+J+HADFIELDbadlieutenant.jpg-0.jpg,temp/cropped_cage/Nic+Cage+as+Steve+Irwin.jpg-0.jpg
248,temp/cropped_cage/MIKEBOLGERso7m2c.jpg-0.jpg,temp/cropped_cage/BENEAGLESniccage-frankiemacdonald.jpg-0.jpg
249,temp/cropped_cage/Chucky.jpg-0.jpg,temp/cropped_cage/Russ+Ault_+Kevin+Shields+Cage.jpg-0.jpg
250,temp/cropped_cage/Vigo2.jpg-0.jpg,temp/cropped_cage/Adrienne+Rule+-+molecule-adamantane.jpg-9.jpg
251,temp/cropped_cage/NICAGEASMUMMYericR.jpg-0.jpg,temp/cropped_cage/MICHAELLINKworstbandever.jpg-2.jpg
252,temp/cropped_cage/DillonChance_Arthas.jpg-0.jpg,temp/cropped_cage/JIMFRYKMANElCagerino.jpg-0.jpg
253,temp/cropped_cage/JOHAN+ABAD+nickcageXVI.jpg-0.jpg,temp/cropped_cage/ANNA+CONVERSE+NC+Oil+Spill.jpg-0.jpg
254,temp/cropped_cage/TYnic+cage+Joseph+Ducreux.jpg-0.jpg,temp/cropped_cage/TEENALUBOMSKIscorpioncage.jpg-0.jpg
255,temp/cropped_cage/JEFFDIXONSergeant+Joseph+Getraer.jpg-1.jpg,temp/cropped_cage/BRIANROOKERNicCage_as_TheA-Team.jpg-2.jpg
256,temp/cropped_cage/GIANLUCATORELLINicCageAsLapoElkann.jpg-1.jpg,temp/cropped_cage/KrisKringle.jpg-0.jpg
257,temp/cropped_cage/DYLANREEVENic-Gates.jpg-0.jpg,temp/cropped_cage/MONTYSPEARMINTturtlescage.jpg-0.jpg
258,temp/cropped_cage/Nic+Cage+as+Liza+Minelli+in+SATC2.jpg-0.jpg,temp/cropped_cage/ConanTheBarbarian.jpg-0.jpg
259,temp/cropped_cage/PAULCUMMINSNic+Cage+as+Michelle+Bombshell+McGee.jpg-0.jpg,temp/cropped_cage/Nic+Cage+in+Killers.jpg-0.jpg
260,temp/cropped_cage/CHRISLOVENIC+CAGE+AS+MNWLKR.jpg-0.jpg,temp/cropped_cage/PAULCUMMINSNic+Cage+as+Edwina+and+Junior+McDunnough.jpg-0.jpg
261,temp/cropped_cage/Daniel+McCabe+Tali'Zorah+Nar+Rayya+nic+cage.jpg-0.jpg,temp/cropped_cage/JohnRambo.jpg-0.jpg
262,temp/cropped_cage/BENEAGLESniccageaskevinsmith.jpg-0.jpg,temp/cropped_cage/Chris+Dantona-The+Cagey+Bunch.jpg-7.jpg
263,temp/cropped_cage/JOHNDOLCEAMORENic+Cage+as+Frank+Zappa+as+Sheik+Yerbouti.jpg-0.jpg,temp/cropped_cage/MICAHPICCIRILLIJonas_Cage.jpg-2.jpg
264,temp/cropped_cage/Gandhi.jpg-0.jpg,temp/cropped_cage/BRIANROOKERNicCage_as_TheA-Team.jpg-0.jpg
265,temp/cropped_cage/LIZnicastyra.jpg-0.jpg,temp/cropped_cage/MichaelLink_MarilynManson.jpg-0.jpg
266,temp/cropped_cage/JackSundrud_MickeyMantle.jpg-0.jpg,temp/cropped_cage/DAVYBRAXTONnic+cage+as+inigo-montoya+copy.jpg-0.jpg
267,temp/cropped_cage/JustinRampagechickennicnugget.jpg-0.jpg,temp/cropped_cage/CastorSean.jpg-1.jpg
268,temp/cropped_cage/AL+STRAGGASnic+beiber.jpg-0.jpg,temp/cropped_cage/MIKEMANNINGtomBEGINNINGMIDDLEEND.jpg-0.jpg
269,temp/cropped_cage/MIKEBOLGER17xr88.jpg-0.jpg,temp/cropped_cage/IndianaJones.jpg-0.jpg
270,temp/cropped_cage/LIZnicasjustin.jpg-0.jpg,temp/cropped_cage/JOHNDOLCEAMORENic+Cage+as+Apolo+Ohno.jpg-0.jpg
271,temp/cropped_cage/ERIKO'CONNORnikkicage.jpg-0.jpg,temp/cropped_cage/GIANLUCATORELLINicCageAsNoelGallagher.jpg-0.jpg
272,temp/cropped_cage/CHRISALBRIGHTarnoldjudasrimmer.jpg-0.jpg,temp/cropped_cage/Eli.jpg-0.jpg
273,temp/cropped_cage/CHUCKNUNCHUCKnic_as_gilly.jpg-0.jpg,temp/cropped_cage/CATNewmar+Catwoman.jpg-0.jpg
274,temp/cropped_cage/KINGMONKEYNicCageasBarneyFife.jpg-0.jpg,temp/cropped_cage/NICKSMITHniccagetas.jpg-0.jpg
275,temp/cropped_cage/DYLANREEVEBill-OCagey.jpg-0.jpg,temp/cropped_cage/SamwiseGamgee.jpg-0.jpg
276,temp/cropped_cage/NicCageasprincessLeilaFamRosetton.jpg-0.jpg,temp/cropped_cage/TEENALUBOMSKIturbo-ozone-breakin.jpg-0.jpg
277,temp/cropped_cage/JACKSUNDRUDcage-woz.jpg-0.jpg,temp/cropped_cage/Willie.jpg-0.jpg
278,temp/cropped_cage/DYLANREEVEMal-Cage.jpg-0.jpg,temp/cropped_cage/MATT+BOMAN+Rasputin.jpg-0.jpg
279,temp/cropped_cage/DYLANREEVENeelix-Cage.jpg-0.jpg,temp/cropped_cage/KatieMcGinnis_DrHeathcliffHuxtable.jpg-0.jpg
280,temp/cropped_cage/SALLYGLASSnic-pain.jpg-0.jpg,temp/cropped_cage/DAVYBRAXTONnic+cage+as+general-george-s-patton+.jpg-0.jpg
281,temp/cropped_cage/JohnMcCoolNick.jpg-0.jpg,temp/cropped_cage/MitchBuchanan.jpg-1.jpg
282,temp/cropped_cage/PAULCUMMINSNic+Cage+as+Tootsie.jpg-0.jpg,temp/cropped_cage/GATRETHFISHERnic+cageYOKOJOHN.jpg-1.jpg
283,temp/cropped_cage/NICKSCRIVENnic+cage+as+the-universe.jpg-0.jpg,temp/cropped_cage/Chris+Dantona-The+Cagey+Bunch.jpg-3.jpg
284,temp/cropped_cage/NEMEDYcagetom.jpg-0.jpg,temp/cropped_cage/Adrienne+Rule+-+molecule-adamantane.jpg-12.jpg
285,temp/cropped_cage/CATwonder.jpg-0.jpg,temp/cropped_cage/NICKMILLIGANNicolas+Cage+Mime.jpg-0.jpg
286,temp/cropped_cage/Jennifer.jpg-0.jpg,temp/cropped_cage/CATbarbara-batgirl-cage.jpg-1.jpg
287,temp/cropped_cage/HenrySpencer.jpg-0.jpg,temp/cropped_cage/GriffTannen.jpg-0.jpg
288,temp/cropped_cage/SteveJobs.jpg-0.jpg,temp/cropped_cage/CIRQUECUByoung_einstein.jpg-0.jpg
289,temp/cropped_cage/TREVORBETTSriverscagejpg3.jpg-0.jpg,temp/cropped_cage/JimCramer.jpg-0.jpg
290,temp/cropped_cage/DAVIDKELLYdanza.jpg-0.jpg,temp/cropped_cage/DILLONCHANCESarahJessicaCage.jpg-0.jpg
291,temp/cropped_cage/TonyBennett.jpg-0.jpg,temp/cropped_cage/Tatsu.jpg-0.jpg
292,temp/cropped_cage/DAVIDSMITHsitting-bull.jpg-0.jpg,temp/cropped_cage/PAULCUMMINSNic+Cage+as+a+Klingon.jpg-0.jpg
293,temp/cropped_cage/CJKnowlesnixon-and-cage.jpg-1.jpg,temp/cropped_cage/BALDINGCELEBRITIESCOMnic-cage-as-the-smiths.jpg-0.jpg
294,temp/cropped_cage/Spock.jpg-0.jpg,temp/cropped_cage/NICHOLASHOLLOMONtumblr_l1nczfNM2s1qbsvpfo1_500.jpg-0.jpg
295,temp/cropped_cage/TEENALUBOMSKIcleo.jpg-0.jpg,temp/cropped_cage/TimothyBryce.jpg-2.jpg
296,temp/cropped_cage/DAVID+RESSLERNicLynch+copy.jpg-0.jpg,temp/cropped_cage/CORNELIUSLAMBSHANKfrankencage.jpg-0.jpg
297,temp/cropped_cage/Nicole+Mayhew+tebow+copy.jpg-0.jpg,temp/cropped_cage/Chris+Dantona-The+Cagey+Bunch.jpg-2.jpg
298,temp/cropped_cage/ShoelessJoeJackson.jpg-0.jpg,temp/cropped_cage/Riddler.jpg-0.jpg
299,temp/cropped_cage/ANTHONYGREENnic_dynamite.jpg-0.jpg,temp/cropped_cage/MIKEWIGGINSIgglePiggle_Cage.jpg-0.jpg
300,temp/cropped_cage/JONAHMUELLERNicolasButton.jpg-0.jpg,temp/cropped_cage/TEENALUBOMSKIcage-corn.jpg-0.jpg
301,temp/cropped_cage/ANDREWBROWNnicolai.jpg-0.jpg,temp/cropped_cage/DAVIDHANSENpicasso-guernica3-reduce.jpg-0.jpg
302,temp/cropped_cage/Chaz+Klein+-+JayCutlerCage.jpg-0.jpg,temp/cropped_cage/Adrienne+Rule+-+molecule-adamantane.jpg-3.jpg
303,temp/cropped_cage/MichaelLink_Mohandas+Karamchand+Gandhi.jpg-0.jpg,temp/cropped_cage/PAULCUMMINSNic+Cage+as+The+Lone+Ranger+and+Tonto.jpg-0.jpg
304,temp/cropped_cage/MaximillianCohen.jpg-0.jpg,temp/cropped_cage/RonaldMcDonald.jpg-0.jpg
305,temp/cropped_cage/JACKSUDNRUDnic_mort.jpg-1.jpg,temp/cropped_cage/Whiplash.jpg-0.jpg
306,temp/cropped_cage/GeorgeBailey.jpg-1.jpg,temp/cropped_cage/BERNHARD+BINDER+he-cage.jpg-0.jpg
307,temp/cropped_cage/BRENT+O+nic+cage+as+Klaus+Nomi.jpg-0.jpg,temp/cropped_cage/CarrieBradshaw.jpg-0.jpg
308,temp/cropped_cage/WILLCOTTONkobe2.jpg-0.jpg,temp/cropped_cage/PAULCUMMINSNic+Cage+as+Austin+Powers.jpg-0.jpg
309,temp/cropped_cage/Michael+Blohm-Nic+Cage+as+Tina+Fey.jpg-0.jpg,temp/cropped_cage/BRIANROOKERNicCage_as_TheA-Team.jpg-1.jpg
310,temp/cropped_cage/CHRISTOPHER+PARKERNickaru.jpg-0.jpg,temp/cropped_cage/TEENALUBOMSKIolympic_iceskater_johnnyweir.jpg-0.jpg
311,temp/cropped_cage/JACKSUNDRUDcage_dion.jpg-0.jpg,temp/cropped_cage/ANTHONYGREENjesus_cage.jpg-0.jpg
312,temp/cropped_cage/EmilyRodemann-billcosby.jpg-0.jpg,temp/cropped_cage/Seth.jpg-1.jpg
313,temp/cropped_cage/JayElSCUMBAG+NICK+CAGE.jpg-0.jpg,temp/cropped_cage/EgonSpengler.jpg-0.jpg
314,temp/cropped_cage/MattMonaco.jpg-0.jpg,temp/cropped_cage/TEENALUBOMSKIDoctor_Horrible_Banner.jpg-0.jpg
315,temp/cropped_cage/JOCHEN+FUCHS+nicolas_cage.jpg-0.jpg,temp/cropped_cage/GATRETHFISHERnic+cageYOKOJOHN.jpg-0.jpg
316,temp/cropped_cage/JIMFRYKMANniccagecostas.jpg-0.jpg,temp/cropped_cage/MICAHPICCIRILLIJonas_Cage.jpg-0.jpg
317,temp/cropped_cage/CHRISTOPHER+PARKERNickaru.jpg-1.jpg,temp/cropped_cage/RODIERKIDMANNcageRODIER-KIDCOM.jpg-0.jpg
318,temp/cropped_cage/DorothyVallens.jpg-0.jpg,temp/cropped_cage/Adrienne+Rule+-+molecule-adamantane.jpg-14.jpg
319,temp/cropped_cage/DAVIDSMITHcitizen+cage.jpg-0.jpg,temp/cropped_cage/Frida+Karlsson-Jusin+Gatson.jpg-0.jpg
320,temp/cropped_cage/Junior.jpg-0.jpg,temp/cropped_cage/DAVIDSMITHbarbara-bel-geddes-and-james-stewart-vertigo.jpg-0.jpg
321,temp/cropped_cage/MIKEMANNINGzordonBEGINNINGMIDDLEEND.jpg-0.jpg,temp/cropped_cage/DAVIDE+FELSHER+belushi+1941.jpg-0.jpg
322,temp/cropped_cage/CJKnowlesnixon-and-cage.jpg-0.jpg,temp/cropped_cage/MIKEWIGGINSRobHalford_Cage.jpg-0.jpg
323,temp/cropped_cage/JasonBaldariNick+Cage+as+Robert+E.+Lee.jpg-0.jpg,temp/cropped_cage/NICHOLASTORRESCageBeingInterviewedByCageAsLetterman.jpg-0.jpg
324,temp/cropped_cage/ANAKA+NicPlato.jpg-0.jpg,temp/cropped_cage/AVATIZER4268258978_15abb01cc3.jpg-0.jpg
325,temp/cropped_cage/Olivier+Graham+Shark.jpg-0.jpg,temp/cropped_cage/Adrienne+Rule+-+molecule-adamantane.jpg-7.jpg
326,temp/cropped_cage/JohnMayer.jpg-0.jpg,temp/cropped_cage/Adrienne+Rule+-+molecule-adamantane.jpg-4.jpg
327,temp/cropped_cage/BabyJaneHudson.jpg-0.jpg,temp/cropped_cage/Adrienne+Rule+-+molecule-adamantane.jpg-11.jpg
328,temp/cropped_cage/JOHNDOLCEAMORENic+Cage+as+Edgar+Allan+Poe.jpg-0.jpg,temp/cropped_cage/Adrienne+Rule+-+molecule-adamantane.jpg-5.jpg
329,temp/cropped_cage/Anthony+Lamb+-+Nick+Cage+as+Salvador+Dali.jpg-0.jpg,temp/cropped_cage/Adrienne+Rule+-+molecule-adamantane.jpg-0.jpg
330,temp/cropped_cage/SCOTT+ALBAUGH+blackswan.jpg-0.jpg,temp/cropped_cage/Adrienne+Rule+-+molecule-adamantane.jpg-1.jpg
331,temp/cropped_cage/EMILY+ALLEY+ealley_niccage_geisha.jpg-0.jpg,temp/cropped_cage/Adrienne+Rule+-+molecule-adamantane.jpg-8.jpg
332,temp/cropped_cage/Sully.jpg-0.jpg,temp/cropped_cage/Adrienne+Rule+-+molecule-adamantane.jpg-2.jpg
333,temp/cropped_cage/JackTwist.jpg-1.jpg,temp/cropped_cage/Adrienne+Rule+-+molecule-adamantane.jpg-10.jpg
334,temp/cropped_cage/PAULCUMMINSNic+Cage+as+Dr.+Evil.jpg-0.jpg,temp/cropped_cage/Adrienne+Rule+-+molecule-adamantane.jpg-6.jpg
335,temp/cropped_cage/MIKEMANNINGstaffsergeantwill_james.jpg-0.jpg,temp/cropped_cage/DanielShealeyNCaTT.jpg-0.jpg
336,temp/cropped_cage/Abe+Aguilar+Nic+Cage+as+Alice.jpg-0.jpg,temp/cropped_cage/ALSTRAGGASNICKBAKERnic+cage+who_.jpg-1.jpg
337,temp/cropped_cage/BRIANROOKERNicCage_as_SeanConnery.jpg-0.jpg,temp/cropped_cage/Bernie.jpg-1.jpg
